{
  "cases": [
    {
      "expected": {
        "diag_out": [
          5.4772255841939455,
          2.2360680084269116
        ],
        "fjac": [
          -5.477225531426256,
          -0.18257418619966065,
          -0.3651483723993213,
          -0.5477225549529293,
          -0.7302967447986426,
          -1.8257418260673304,
          1.290994454983906,
          0.5410416133856786,
          0.42426402963828164,
          0.30748655752987436
        ],
        "fvec": [
          -0.020000008620492338,
          -0.050000005886786325,
          0.21999999684691973,
          -0.21000000041937472,
          0.06000000231433056
        ],
        "info": 1,
        "ipvt": [
          0,
          1
        ],
        "nfev": 7,
        "qtf": [
          -3.0374037406771803e-08,
          -2.8270909007634245e-08
        ],
        "x": [
          2.029999997266294,
          -1.0799999913795078
        ]
      },
      "inputs": {
        "diag_in": [
          1.0,
          1.0
        ],
        "epsfcn": 0.0,
        "factor": 100.0,
        "ftol": 1e-10,
        "gtol": 0.0,
        "m": 5,
        "maxfev": 200,
        "mode": 1,
        "n": 2,
        "nprint": 0,
        "x0": [
          0.0,
          0.0
        ],
        "xtol": 1e-10
      },
      "name": "lm_linear_fit"
    },
    {
      "expected": {
        "diag_out": [
          5.830952026941766,
          3.162277716725686,
          2.2360680084269116
        ],
        "fjac": [
          5.830952026941766,
          0.17149858780081229,
          -0.0,
          0.1714985808483262,
          0.6859943303457909,
          -4.171491586678494e-08,
          -3.1622776398071766,
          0.0,
          -0.38056085881721735,
          -0.8897879032792818,
          1.7149858391557662,
          -3.971609156897484e-08,
          1.4348601143132484,
          0.6578127733645774,
          0.28560125367867256
        ],
        "fvec": [
          0.0,
          0.0,
          0.0,
          0.0,
          0.0
        ],
        "info": 2,
        "ipvt": [
          0,
          1,
          2
        ],
        "nfev": 13,
        "qtf": [
          -9.900887096339957e-16,
          9.830333882473263e-16,
          -5.4617644472557226e-17
        ],
        "x": [
          1.0,
          -2.0,
          3.0
        ]
      },
      "inputs": {
        "diag_in": [
          1.0,
          1.0,
          1.0
        ],
        "epsfcn": 0.0,
        "factor": 100.0,
        "ftol": 1e-10,
        "gtol": 0.0,
        "m": 5,
        "maxfev": 200,
        "mode": 1,
        "n": 3,
        "nprint": 0,
        "x0": [
          0.0,
          0.0,
          0.0
        ],
        "xtol": 1e-10
      },
      "name": "lm_quadratic_fit"
    },
    {
      "expected": {
        "diag_out": [
          24.02082435078042,
          10.000000078820616
        ],
        "fjac": [
          20.024984456152715,
          0.04993761667105474,
          -9.98752346635342,
          0.4993761705824751
        ],
        "fvec": [
          0.0,
          0.0
        ],
        "info": 2,
        "ipvt": [
          0,
          1
        ],
        "nfev": 54,
        "qtf": [
          3.437729963212983e-11,
          -1.7188649721918802e-12
        ],
        "x": [
          1.0,
          1.0
        ]
      },
      "inputs": {
        "diag_in": [
          1.0,
          1.0
        ],
        "epsfcn": 0.0,
        "factor": 100.0,
        "ftol": 1e-10,
        "gtol": 0.0,
        "m": 2,
        "maxfev": 500,
        "mode": 1,
        "n": 2,
        "nprint": 0,
        "x0": [
          -1.2,
          1.0
        ],
        "xtol": 1e-10
      },
      "name": "lm_rosenbrock"
    },
    {
      "expected": {
        "diag_out": [
          5.4772255841939455,
          2.2360680084269116
        ],
        "fjac": [
          -5.4772255841939455,
          -0.1825741850949067,
          -0.3651483701898134,
          -0.5477225626862069,
          -0.7302967403796268,
          -1.825741905806903,
          1.2909944351897382,
          0.5410415929011304,
          0.42426407825850215,
          0.30748654168225703
        ],
        "fvec": [
          -0.019999986721940477,
          -0.04999999683326706,
          0.2199999930554064,
          -0.21000001705592108,
          0.05999997283275249
        ],
        "info": 5,
        "ipvt": [
          0,
          1
        ],
        "nfev": 4,
        "qtf": [
          9.146966708781962,
          1.3942740071468183
        ],
        "x": [
          2.0300000101113267,
          -1.0800000132780596
        ]
      },
      "inputs": {
        "diag_in": [
          1.0,
          1.0
        ],
        "epsfcn": 0.0,
        "factor": 100.0,
        "ftol": 1e-10,
        "gtol": 0.0,
        "m": 5,
        "maxfev": 3,
        "mode": 1,
        "n": 2,
        "nprint": 0,
        "x0": [
          0.0,
          0.0
        ],
        "xtol": 1e-10
      },
      "name": "lm_maxfev_earlystop"
    }
  ],
  "cpp_commit": "099987f0ca2c11c505dc4348cdb9ce01a598e1e5",
  "cpp_version": "1.42.1",
  "generated_at": "2026-04-24T19:30:54Z",
  "generated_by": "levenbergmarquardt_probe",
  "test_group": "math/optimization/levenbergmarquardt"
}
