{
  "cases": [
    {
      "expected": {
        "r_out": [
          2.0,
          1.0,
          3.0,
          1.0,
          4.0,
          5.0,
          3.0,
          5.0,
          6.0
        ],
        "sdiag": [
          2.0,
          4.0,
          6.0
        ],
        "x": [
          -1.875,
          -1.25,
          5.0
        ]
      },
      "inputs": {
        "diag": [
          0.0,
          0.0,
          0.0
        ],
        "ipvt": [
          0,
          1,
          2
        ],
        "ldr": 3,
        "n": 3,
        "qtb": [
          10.0,
          20.0,
          30.0
        ],
        "r_in": [
          2.0,
          0.0,
          0.0,
          1.0,
          4.0,
          0.0,
          3.0,
          5.0,
          6.0
        ]
      },
      "name": "qrsolv_3x3_zeroDiag"
    },
    {
      "expected": {
        "r_out": [
          5.0,
          1.9975046777556893,
          0.9987523388778446,
          2.996257016633534,
          2.0,
          4.0,
          1.98518379858624,
          0.9956840858952795,
          1.0,
          2.0,
          3.0,
          4.845128469227411,
          3.0,
          1.0,
          5.0,
          2.0
        ],
        "sdiag": [
          5.006246098625196,
          4.032365938545773,
          3.102263536744862,
          2.5604271534357794
        ],
        "x": [
          -1.12239351091516,
          0.7204961767695259,
          1.3285851236605781,
          0.42376555917309466
        ]
      },
      "inputs": {
        "diag": [
          0.5,
          1.0,
          0.25,
          0.75
        ],
        "ipvt": [
          2,
          0,
          3,
          1
        ],
        "ldr": 4,
        "n": 4,
        "qtb": [
          7.0,
          -3.0,
          5.0,
          1.5
        ],
        "r_in": [
          5.0,
          0.0,
          0.0,
          0.0,
          2.0,
          4.0,
          0.0,
          0.0,
          1.0,
          2.0,
          3.0,
          0.0,
          3.0,
          1.0,
          5.0,
          2.0
        ]
      },
      "name": "qrsolv_4x4_damped"
    }
  ],
  "cpp_commit": "099987f0ca2c11c505dc4348cdb9ce01a598e1e5",
  "cpp_version": "1.42.1",
  "generated_at": "2026-04-24T17:55:35Z",
  "generated_by": "minpack_qrsolv_probe",
  "test_group": "math/optimization/minpack_qrsolv"
}
