{
  "cases": [
    {
      "expected": {
        "a_out": [
          1.259228245389359,
          0.5357383738046755,
          0.8036075607070132,
          -8.027434665557154,
          1.1275140614262347,
          0.9918367628489008,
          -9.706369601528904,
          -0.6266445271646738,
          2.0
        ],
        "acnorm": [
          8.12403840463596,
          9.726767191621274,
          11.57281296833229
        ],
        "ipvt": [
          2,
          0,
          1
        ],
        "rdiag": [
          -11.57281296833229,
          -1.249116764042219,
          -0.060875242013517517
        ]
      },
      "inputs": {
        "a_in": [
          1.0,
          4.0,
          7.0,
          2.0,
          5.0,
          8.1,
          3.0,
          6.2,
          9.3
        ],
        "lda": 3,
        "lipvt": 3,
        "m": 3,
        "n": 3,
        "pivot": 1
      },
      "name": "qrfac_3x3_fullrank"
    },
    {
      "expected": {
        "a_out": [
          1.3703703703703702,
          0.4444444444444444,
          0.5185185185185185,
          0.6296296296296297,
          -5.333333333333333,
          1.0433396608506635,
          -0.48395954616574155,
          -0.8740164938217122
        ],
        "acnorm": [
          5.477225575051661,
          13.5
        ],
        "ipvt": [
          1,
          0
        ],
        "rdiag": [
          -13.5,
          1.2472191289246468
        ]
      },
      "inputs": {
        "a_in": [
          1.0,
          2.0,
          3.0,
          4.0,
          5.0,
          6.0,
          7.0,
          8.5
        ],
        "lda": 4,
        "lipvt": 2,
        "m": 4,
        "n": 2,
        "pivot": 1
      },
      "name": "qrfac_4x2_tall"
    }
  ],
  "cpp_commit": "099987f0ca2c11c505dc4348cdb9ce01a598e1e5",
  "cpp_version": "1.42.1",
  "generated_at": "2026-04-24T17:48:56Z",
  "generated_by": "minpack_qrfac_probe",
  "test_group": "math/optimization/minpack_qrfac"
}
