{
  "cases": [
    {
      "expected": {
        "samples": [
          {
            "T": 1.0,
            "discountBond": 0.9747496491496414,
            "discountBondOptionCall": 0.02320177126663993,
            "discountBondOptionPut": -9.389200416997822e-13,
            "t": 0.5
          },
          {
            "T": 2.0,
            "discountBond": 0.9236521117587566,
            "discountBondOptionCall": 1.7250453624217236e-13,
            "discountBondOptionPut": 0.02775721083005855,
            "t": 0.5
          },
          {
            "T": 5.0,
            "discountBond": 0.800560640135354,
            "discountBondOptionCall": 0.0,
            "discountBondOptionPut": 0.14690178630812986,
            "t": 1.0
          }
        ]
      },
      "inputs": {
        "k": 0.5,
        "r0": 0.05,
        "sigma": 0.04,
        "strike": 0.95,
        "theta": 0.06
      },
      "name": "cir_discountbond_fingerprint"
    }
  ],
  "cpp_commit": "099987f0ca2c11c505dc4348cdb9ce01a598e1e5",
  "cpp_version": "1.42.1",
  "generated_at": "2026-04-25T20:23:34Z",
  "generated_by": "coxingersollross_calibration_probe",
  "test_group": "model/shortrate/coxingersollross_calibration"
}
