{
  "cases": [
    {
      "expected": {
        "samples": [
          {
            "bondMaturity": 1.0,
            "call": 0.02469786696259448,
            "maturity": 0.5,
            "put": 1.0366821564109131e-18,
            "strike": 0.95
          },
          {
            "bondMaturity": 2.0,
            "call": 2.611787494410471e-11,
            "maturity": 1.0,
            "put": 0.04630259556120719,
            "strike": 1.0
          },
          {
            "bondMaturity": 5.0,
            "call": 6.794018438937727e-12,
            "maturity": 2.0,
            "put": 0.17025301954261876,
            "strike": 1.05
          }
        ]
      },
      "inputs": {
        "a": 0.1,
        "b": 0.05,
        "lambda": 0.0,
        "r0": 0.05,
        "sigma": 0.01
      },
      "name": "vasicek_round_trip"
    }
  ],
  "cpp_commit": "099987f0ca2c11c505dc4348cdb9ce01a598e1e5",
  "cpp_version": "1.42.1",
  "generated_at": "2026-04-25T13:41:01Z",
  "generated_by": "vasicek_calibration_probe",
  "test_group": "model/shortrate/vasicek_calibration"
}
